car_id,is_finished,total_waiting_time_minutes,initial_soc,final_soc,charging_stops,route_length_nodes,total_energy_received_charging_kwh,total_energy_consumed_driving_kwh,total_charging_cost,total_charging_time_minutes,total_travel_time_minutes,total_distance_units,battery_depleted,satisfied_facilities,assigned_stations
0,True,17.912241992517302,18.512202902104324,34.59,4,229,34.39867389000031,18.320876792104627,84861.52848663076,938.1456515455294,116.84498051585501,136347.6098227674,False,1.0,
1,True,26.891726235438693,18.7464566032516,33.91,6,240,33.5665614077161,18.4030180109677,82808.70699283562,915.451674755961,112.9579534461423,134761.65241471503,False,0.0,
